Address,CheckInCount,HasClaimed
0x1848c47fd80c97c2ff7e634a7e500f266d2455ec,7,false
0x2752e61bd64d81c570497ebc8ec12d30c595f0ca,7,false
0x304c9c5f1c5416166ba56c075920c344dd298751,7,false
0x50f9be48cb44c517a888cb66f5330e00d16e72ff,7,false
0x6e602c7f59cdddd2970094f58f3278e718d45e93,7,false
0x6f7991a7a9f7d377983388e7e2b3743e1d47a544,7,false
0x77920495a419b0fedbcabf4f6dc6b93106b4155b,7,false
0x7be377a1bf01a04385b097a3e9a8d07be73c5683,7,false
0x81639df46b7f39951c2942b13f0613b8ec17387b,7,true
0xabb57831ea27b2610eab0da51d8b351c5b3af5c4,7,false
0xbc9b50d89af9cbeff1652f8e4b2052e12efe9915,7,false
0xe446198683a7c8ffc818982ebe5d96ecbae81a1e,7,false
0xf251912bf3a6fadb3cdab8ecd96e5e0a21beedd3,7,false
0xf29f11515891b757972c58115ce70cbef68f239b,7,false
0xf90d9375033d4ff284f88fc84ed97a416c6502df,7,false
0x0aa1797a33a06cb009ee9dca4aee1a46fe719564,6,false
0x19b896445975f97059afaa1bba86d7caed8b7bc9,6,false
0x1c507e944bae8cbfcb664a7c802abd1725cd2292,6,false
0x1f20c096bb53e67da428f67fc2711f279fd42f6e,6,false
0x2724a975f7fb69383e67b9d83b2440031d8a8caa,6,false
0x30c7d4e78fa2b05000e253c9cb1f30ca458a4798,6,false
0x31c1140adadba70f65a49a8f1be84ab790f9da18,6,false
0x33fc01ad4cd3f2481b3777e5fa111dfd42f755cd,6,false
0x3580f347c34b6bbcfa6e6abcbfe729fa57231289,6,false
0x3c2ce81029db17113468e3422cde8660dab5cfdf,6,false
0x3c430d5a763e3cfa8dbb258de48c814329a91309,6,false
0x3c70620311367e8d8ef0f0ffb4b4336c525ed7c3,6,false
0x3d9ea4673682ce1d50bffcc2bd407740de5f58fc,6,false
0x4476860ccd0a998bd09c74966d8bbdc855ad0c1b,6,false
0x4a221d018d798627d13debc9c63c4f254763a1e1,6,false
0x4d300a878097f4ada3728dc5f59857defd5c5580,6,false
0x51da285305f5e87cbc4c20983fbef12a13e333b9,6,false
0x5314eb9d579e8962267665a9c987fc4397ed7f9d,6,false
0x5389eed6c5ca8ea18c8fcc112664adccd49291c8,6,false
0x5420913d708436c6053e63867587d3930d390df8,6,false
0x58a4d77acf2cb2b2d0e2da461cd24762b75f2097,6,false
0x5a7e85f416c3382738c12f62e7db01d3cf64bd81,6,false
0x5f1def397d8f6b4d2de7b5b0859c391f9307927c,6,false
0x612017aa850b70fe46ee30f0e6f0ee3c085d0949,6,false
0x61c0ff10630f80cb08d534785ba22e7b6f0eaffa,6,false
0x630e51718aa13e4d3022079b7ad36d1946252a4e,6,false
0x6cdd4ef684c4f1c20d7c908eff9f59b3c401fee2,6,false
0x7adc144ea326c8a03327ec44205a9c124a3a0a7f,6,false
0x84d38759cabced27b7183c4de57ec195aeb6f789,6,false
0x8debe52ca7a833a526ebd9490ecc6965435b5e76,6,false
0x98cfbfea18a4b0c2914749557d02351dcfac35e3,6,false
0xa0a28364bd4269e0c0fcd7224a0ccf0837efb196,6,false
0xa68e313182557d767c099691f98c87eedfce0b1e,6,false
0xaa2bed0454d5844a4cfaa7686d4206de4848904f,6,false
0xaae033216a7d462ec7e8b8cea554038f96e75574,6,false
0xafc3e3b02abbda49e9a9f5992dfb117555013453,6,false
0xb4077c1650c1df813064d405f6a568d3331417da,6,false
0xbc8e42d30040b5f66a4a148bbd37a42141fcfb44,6,false
0xbe95bb47789e5f4af467306c97ded0877bf817b5,6,false
0xc7732464cc31d6468702e6b8dd40629f09d49292,6,false
0xc776a708304257cec383699e015e4786d01f520a,6,false
0xc7b22a190e6dc4f1d382b5da5f343b7e6b38247d,6,false
0xcc7e71f5b506d0c6b96e6f4b778fd92836557cb1,6,false
0xda2f132fcf312d450d4cdcd2a5aed411b6b79462,6,false
0xdb170c00776e987b6841796e1755c7f7e682b4b5,6,false
0xdd72c8512fe63dfe4b81b2862e5a9f5a885a3a93,6,false
0xdee1ff27630bb74c54770fb14d869ab14cfd05a5,6,false
0xe838364ef101843ce70ecb613983ce68a7df1829,6,false
0xee4dbfb0b6e69b47ac9a81c5569c53f902788665,6,false
0xf3b990d28b155cf8ca65c5da57c55fe08c447479,6,false
0xf52a34d1f9fd1bf2c9a5fbf81d463a15537846c9,6,false
0xfda907eb554ac44b931cd8e5582358a597a35479,6,false
0x0473d099635b8b4adf61e93a3d1bb4b25f7acfa0,5,false
0x14e85a3859b7532cb31e16ea66fb5f981b6de1c0,5,false
0x1c7ef4711c6d4f38f3d785c6a64d89ac5fd20219,5,false
0x1e0cabdc5ce4edd50a8f0954bf91b8e3e737e843,5,false
0x23a2c12ff26be4aee4edb3d6257fcf5dd100ef40,5,false
0x26a021a2243aada8971b56404ad97ff3da50f8ed,5,false
0x27c590950c683e337ce59a864f6013421025fb6f,5,false
0x2a024c595d8c50878cd870553917d4678b1b390a,5,false
0x2e00bf693e0deb30e7a622bf76210cd6e0bbc8c4,5,false
0x2f50ee777388af9d1fd8d88cd78c9605e518bc00,5,false
0x3295a4057b77bd43c779409dc3ddb42ff2b8d28a,5,false
0x357dd78ff039ec55182be69de50a891914021bcf,5,false
0x414e12d03bc31e4f7547e34855ac301ada00cd73,5,false
0x434adb53d7114c3835e09cd1742b8d56d9efdb4c,5,false
0x575bc573330de42a2c08c49c182dd1b2de548fe6,5,false
0x587ba234ee09823053659b6f282d00b2ab05b78c,5,false
0x5ca8c74e620c03e38277f85e0f83914dcb10c64b,5,false
0x5ccc48489a2baf7eceafd603b5a15e570bc511a8,5,false
0x698ffbf85966edcb6d8d06d606bc231b141c330c,5,false
0x6e4c6a432af360e3af6d80213c148ab9a7ba90f2,5,false
0x7863825984355297d6ebaa61f1c86304280971ea,5,false
0x7c9e1a7b7c95b4671bf15ad58b5a5b8ad2c240ad,5,false
0x7f05c0979a6e87d5f0acfd25c383e926e121cd1b,5,false
0x7fb66bb66b10c0641ad27f6402a1490e0a0b7f6f,5,false
0x819a28d1cccd823de42f0d69038c23187e6a2074,5,false
0x826bc8f93505832a31cc3273898ecfbc8fc24614,5,false
0x8efaebc17636664a2bca8f26bc3aa1124696f2b8,5,false
0x99137b3a671fbcf5829e80bd61bef84532847bd4,5,false
0x9f705f0745c14d7853b9d44a0fa19753174be9c4,5,false
0xa210ff3bcf0a431e6953180ec358e79ac759660f,5,false
0xa26bb593b5bcac15de1219f2ed58ea7abac61df4,5,false
0xa5e187ace950255d116032eb1cc7841f1835e276,5,false
0xa7ebf2449948c39cc2d18d8d032279c49f3579de,5,false
0xad1a1ec27c93fbffefd25e8c9c7a3d85eac801a7,5,false
0xad93d77e75483af43146d102488cfcbc7490fedc,5,false
0xb14e3fe33958ec5deff2801081a98320cdeedc20,5,false
0xb4ffcb9a7128eb0c7aa73359be2265189f45bb2b,5,false
0xb75b63e27a53471f293f29bff35b9cc43057bb51,5,false
0xc4b82202dd00a99cd8fd43a9578bffb6d1f5cdc6,5,false
0xc670a0d2393a882f9c41ed58db3812403fea8ea4,5,false
0xc6fb5404fc9d10e44303e45a81459ab371bd6f21,5,false
0xcd495c8c52f44ff8177601e7e46fa0ba930786d6,5,false
0xd30349485a88eacc2e26118298e62da9c7ff2214,5,false
0xeb86454134cf1e898fa3a35d1488d28a370db975,5,false
0xf54c2c55b9e609a4d0619db822783908fa24c7de,5,false
0xff6ef5365f17841ab6a1a9a82dbd58aed48d4de2,5,false
0x01b827939a6082f59e80badb42b0d53ad92d75b5,4,false
0x194c69fa4cd3bf6ce7a2a174a76403a4392846a3,4,false
0x1ab8967449c567367ea8f5b77537484b42bde95e,4,false
0x1ace9e4df9de3af66e33170991617ab73de5dc1a,4,false
0x1ceefd3cde6068a0f04d8ba1671c98401f2a32b3,4,false
0x33fffc1085e3f9096852f5b29c57411184fcf662,4,false
0x3f15970b6484f3f6d61a26a8c771a71621c3f12a,4,false
0x463dfcbf3b88f3330646648e185475f98235c74f,4,false
0x475f492f0ad9a72b5ffcde44d1b8a20b89526328,4,false
0x476b3d39e453926de75869b7a652bdddec308a8d,4,false
0x4c7bb40b2a9a3bb5a59898b98230c1f29b060e1d,4,false
0x4d6b79fa827e3192c860015d21b936fa28addd1b,4,false
0x55500894b526771c20b317c969392401bc377592,4,false
0x59b4f414c9e50fd8c61d0508e7644657f7744591,4,false
0x5d875b4bb01c699e6b0a05a26d1da1db1e06cfd4,4,false
0x63c4e61845d1cfac8fee9ddf023c3157e9f07ad1,4,false
0x68fd65012ff8fb0d71fd73bba8b5f3f72396b326,4,false
0x6fba1340acd896eddf39b84685d293627089c07b,4,false
0x72732bbd15482558e824f8f93814ceabc3272cf2,4,false
0x74f689f2b23cbe986a281564403b6b4037087d7c,4,false
0x7a0c4be7bf5573326687cba93b1fe4ff2dc1f8df,4,false
0x83218153017a362e4939cf2202c9a9064fcb3395,4,false
0x877e797cb718c7298e7b7a5051cb567e162876e5,4,false
0x92b45bb94f447eda7ac66baebe4d4571e09dd550,4,false
0x9fdb4d59ffae405a65a167778703ab2305add72b,4,false
0xb01a579e3378186ce6bedaaaba73972dcda1e7f2,4,false
0xb5ab122ce13d62eac479185c8b9f03c3fd553c5d,4,false
0xbac8735d0f536b0a3c17873d46c97b6a9c7cbedf,4,false
0xc22c92f80d7227a0f0367940ad86b424b01cf475,4,false
0xc7e8ed82a37fca48d31cbe29a984c6aaf929329c,4,false
0xd327ecc2916a6a8413fd382b512887b289e690ad,4,false
0xd6d9e2c70a6872af478407972f72dc29700132be,4,false
0xde46c8ad3eb5b3992f21721ce69f3d92ea07c96f,4,false
0xe9fae3f33cbdf29b17a5348162f83cea6cb1dac2,4,false
0xedaee8ed1eb34b1f6c4add3cfb2b72626e084246,4,false
0xf6e7c319c21f857c86497940ce9b21e25a02e87c,4,false
0xfa762550ec0e19fbddae80fa8172b6a7b752c5cb,4,false
0xfd9136fcaddc3b397913b154ec7d753463594576,4,false
0x01db2dc586b62b1d996e1f52e0207e8472e89cb3,3,false
0x09a10651d2c67f4d74a3fbf679f5247b26b64ae5,3,false
0x0c120474844257f03de3ffcfa3ec8e1dad49915e,3,false
0x0f301fb51198a279a21c0f9c02a0c737b01651a4,3,false
0x108b21d49263c47f9cfa511893a89afb1b1b97a3,3,false
0x124908c1c98e004932c562721f07fbd1dca10e01,3,false
0x1871214aa51cbe777422bf1c1674b12f0efe196c,3,false
0x196716b931a63a074875298af2fb3f7e82df5346,3,false
0x1af38ea61b83979f46b9736f03279beeda157e65,3,false
0x2015db0380c2b754bfbe722ad76ca58dd6bc8a52,3,false
0x2849565abc56a36c5be1e3f3ed5af8a53fc4abd1,3,false
0x28ffa39da0b464b661b33d8a259c862e819eff4f,3,false
0x2ba246cbd750567231a04e2038544240aec18836,3,false
0x30ecfc0af2c322e475ee0a2be8f21fff2721b3f1,3,false
0x340a0ef0e72eb8c1f3b9392e88ca8ecae93b5287,3,false
0x396b44a1b267fe4b769f8c7ab43d519131d16311,3,false
0x399fd759f8282eb2d90487282fce36d16ca9e9dc,3,false
0x441ce1f47f5b872c605c81a69b55f2f10b9417d7,3,false
0x48ffcbcabb0b10b2a185d398ee67c48080b9d7e7,3,false
0x4aaab01eb4c05ba3d9261e14b8d48e7ba0fa8689,3,false
0x535cf96caeb52ebf23c03023f81fa3b70b27b6d5,3,false
0x56cf760c29f57b3cff0708af4d5e30dc722c5ea0,3,false
0x587fa291475e7be0df31fc8f283382baacb75934,3,false
0x58c5d98d17017fde8350518cf2e7de9a5488ad35,3,false
0x59edad57832b95966b05ce97d3174637ebc4e5ce,3,false
0x5d7132c510c62c138feff012b4a7072356954117,3,false
0x5df895914305eea293e8eea65313b43e85aa5cad,3,false
0x60651219176228260e92e0f72a8ebd2d21355f84,3,false
0x653a4c3c8e95ca95e7ffc000536af887bc338051,3,false
0x66d66ce74d8184e7ccedb01ab4a2907fafd37fed,3,false
0x7a5d4733db2be196c9ada50428737b67829000d3,3,false
0x7cf28e031591a98c38221e1aea293680e7da8f13,3,false
0x8328aeaf0ce44e9a7634739447592f7ddabfa073,3,false
0x85315e0ae360cebcf26359ee12d6ae4b7b8e6ae7,3,false
0x8e0f9dcf012a62eee53740eeca81453e476d9d21,3,false
0x9088112904696650afbd42e47b1a4ad964729615,3,false
0x90c166fcce02da89c2e9be32f75a9a960d42c2f7,3,false
0x918c96f61e26d8f6eeaf7f0f3ace2513d0773016,3,false
0x952fb9fb59dc3e89541948152db1928f25ac4094,3,false
0xa2429535d4f658cb34273278355fa010e9264129,3,false
0xa5ebf3a22343ac46a8fd7e5fb7e9f0c4cfae9ba3,3,false
0xaa084116a731ef0bb2c055395ab1070085ed7636,3,false
0xac25cdad1cc128d88a0999161e7162853a7e8428,3,false
0xb195b38a76c276a3314efa9784548e9f89404afd,3,false
0xb5abd65cc8b55153a9124fa915b0ee6bdf690e27,3,false
0xbc8689d4dfb77d57469d8cff7670730ec265d8dc,3,false
0xc20cc484afb1edb68a155554d6db71f4abcc8ce4,3,false
0xc4ba3884dbe6a9dab4ec2a6c3b6366d962f2d25c,3,false
0xc8a1c1cdae86de0cdc1f444a951dc059bf757bbb,3,false
0xcb94bafcae116c2e8c960b948e23a776d52e2f15,3,false
0xd3bc4b6fbc79200a5096aaa67fa11d35056aebaa,3,false
0xd6c51077510446bc499d98195a114a07bc867c74,3,false
0xdc6f14cfd9f38194d41bfbbc4d8ea5f9ea307c31,3,false
0xdcccf9ac77a6f35895479a8942eaaf2b3ba45de5,3,false
0xe557b6a5db07bfb3717156d7f901d92e48b76a7e,3,false
0xe6a3f10f732d0fac06cf8cb93a49f13f6876482e,3,false
0xeb04b07a605215d68ca54c4cb1046da734ed05ae,3,false
0xf1ca1e53880c62598ae2a091dada2db276448bc7,3,false
0xf3912436f5f01de7e86b61cdda14ce97b7b1bf77,3,false
0xf53ba465486188dddc6a48e838e2502d256096d0,3,false
0xfe5978ea7f4790ee8a7a82fc5249cf142551e79e,3,false
0xff993dbcb9a8a20157cb026864b75de1e8a7257e,3,false
0x00d6d1bda9ca0cd4a04ee1fb3563a3525f1dff23,2,false
0x0291cfb267387ab13458ce60cdfc80f3fa471e2e,2,false
0x02cdb646ca23fe7a7375ccabcf3061e7a3b078ee,2,false
0x03c25e5fa3b220f7ad11809149b069856de08e4a,2,false
0x056eb43118ffa352add9cdb9a7d2977a4842b936,2,false
0x075a39a35f5e93af26894e9d31fcb7ffcd1e56d9,2,false
0x0c1732ce5fba93b333bab594c0c59a2c2a913e68,2,false
0x0ce4af318bd387e882aaa09f76f02ed2e97ea1c9,2,false
0x0d1c95d3a2f85dba4c9ce1cf48ab85a8572b8f19,2,false
0x10258493ad6ed24c0ce70d3db2a8d54807629ae3,2,false
0x12310cccea7a75e212e1c6a94f73aeb64f7e29ca,2,false
0x12656ca2e883dc85f5b773da1539f07827505a46,2,false
0x128e56d51da7ae32b6829f894e803ce9d328bd92,2,false
0x134db3d7d910a072a57fc58c27cc62a445fa1828,2,false
0x14052d590e61694e9d399682567eea766bbf59a8,2,false
0x1548616df01a830e9d9b07d32da87c071aa10ce7,2,false
0x18252a352331b3e8201d021ecbf09fe7e7ca45df,2,false
0x1913f45851ba9e3cba10a01aa8aafe599ee87735,2,false
0x196c5d3b20d1e31a6e0f129ad0a7cf89578e56a1,2,false
0x1db77a4def8d144576e9def7d994615ff4f1ab1c,2,false
0x1fde5c6828b04554c1aaa84d5801c0a709c8ea35,2,false
0x21cbd481907a5cef53fbb0700b99844bc1dd1ad5,2,false
0x24856ffb89fd1edc15ea1439148e124cde9dd302,2,false
0x29f42a382607527d74a4d78b5866764da1fdb0bf,2,false
0x2b6421df4926be5dd6706d3604d659ccda55ff26,2,false
0x2cb68103f74349b3510b9dd8a8b2e5926ebb56b0,2,false
0x2dda293ec809807406747dce9409e1038da7aec8,2,false
0x3101046bf72113494fd7dac2db6c88cb5cdb98db,2,false
0x346da3233271e9a80981278443324be5dfc55955,2,false
0x396165ce2e39abe2bc21ca8729fbe2c7b3ce230c,2,false
0x39e161396b30b6c414496850b551e8a2d4968c33,2,false
0x3f9d71f0c415f5ac4be5ea18516402e7fc563769,2,false
0x3fdbd54ddc9100ea33c6b731427b88e14303f4d2,2,false
0x401b007200df9b97b5d17e14f794c198aaa3cd77,2,false
0x409c7b5da4f796ccf7b5dc3533fa292cdf68d5ae,2,false
0x409cbeb0d84edab830d25c53ee95a92485c53939,2,false
0x486d5125eac05b61421d340c86f6229430648604,2,false
0x48fa25ca4d793fd9b4f0aa33c264509c8b9e3a0e,2,false
0x49e050cdc68b3fc9195500dc2582469453d26fde,2,false
0x4b7b53a1dacd07d351a49aa0fee1e504308c522d,2,false
0x4c62509bc3e8db00590dec81c11de874a8f59fb0,2,false
0x4d6be2793546a8306525aee8a41ac290fecc4ada,2,false
0x4da37db15a22e0ddc3f3b1e5b9d90132552e941b,2,false
0x52cbdbfe8063fc02756295fe1e09e795b4f50ee6,2,false
0x52db85d7bf7ea89d441286acab36b249e199f19c,2,false
0x54a2bd37c89a89312a354284a527feedd636f158,2,false
0x55191b7e987ab4d9fcf31b015d5c87f92bf1d664,2,false
0x5549f3e94b31f12255888340c8d910d6f6d115d6,2,false
0x572215ff3228d192f4196a1b6d8a17e90449a550,2,false
0x5728cfbead9abced7e43aca3dcbea45ef341adad,2,false
0x5829f33bed3b1e1a14c883fd73679fe9cdea63a6,2,false
0x58d6ca37cc917426dad99f41a1d94c37cee2272c,2,false
0x5ada2d8a2d6e2db0e3d5b05213a16dd606c3d90a,2,false
0x609f63f0e1995a150e8ed33d4c6b29893a28e52c,2,false
0x60ed95285a59dfba4ad35ed46289a5ed2b3ae811,2,false
0x612a748c057bd9113f04a4c007e622ba876b3858,2,false
0x6188741af37a336b8b6f316b78c26ef453a87583,2,false
0x624f7b502da899504590429e5119d5f013d9814a,2,false
0x62c4c940738300ddfdcf8bfaf919698ac043603a,2,false
0x633a9ff3fd4499241333bcd1c1e115e90571ae3f,2,false
0x6475259cc515d99b45574fd870b861bb6eca4d18,2,false
0x65e3419e633833df1d602e7905cb9c7e541f0849,2,false
0x670f775b39bcfb1eb8ed5c3aae79ed1ce45e0871,2,false
0x678d88d9db1da55d3f9b3581b4e617079e1dff4e,2,false
0x684f0dfad234b79576394a81670a2103a68111c4,2,false
0x6a0ba3707df9d13a4445cd7e04274b2725930cd7,2,false
0x6a14ed433063a6637752846b6c59df9d1962957b,2,false
0x6d3a0786e100098a84daf23f65dc209e2dd00073,2,false
0x6d874f25aef91801696ef6244f5417c0469da62e,2,false
0x6dccb1a75f199224b09cbb8c03c8c15b093d1cf8,2,false
0x6e160539678de2db611c604d39e5ca216903dfc5,2,false
0x6e729180a0b7a25929f6848f37ad122dd8af9c8a,2,false
0x7010cbe27757eef358429ef6e17dca2dd31ed52c,2,false
0x724db405059752a8b2fe26a54c58529a2a6ce8c9,2,false
0x7370e25cfed6053cb8111899959b195f39c6e2bc,2,false
0x75ffbf7863932afcdcbc85f0a571ccfb6b6341fd,2,false
0x771514db5f663847131f03c0abb84d71dd84db92,2,false
0x7ac5d6bc4715d76338bcd9ce0b97e0d1f9922735,2,false
0x7b2e30669fccb7de8e1044b8795cc2e9e4a3e5b3,2,false
0x7b382387f24c18d3d25b21d01d92dee0e2f9ed71,2,false
0x7d79285b4b66b3aaac1208ba9a297e2b49788f6b,2,false
0x7dcff286f8e45b9a5c31bb990c0007d4ee5f7ec0,2,false
0x8267c352573c8430f69cfb935bea43c7ae9295d8,2,false
0x83d8e2d57a8f5c16873d5ab105f5b2398766393e,2,false
0x84e2f326ea2827807a29dd55cff3c3a310f2274b,2,false
0x8507c7a3d7af4d40293fb0a88bff78a53e51ee2a,2,false
0x853a554a882c0101701dd8919416d2496fee1fc0,2,false
0x86ad2b7475ab0c87f753cb857f04763449f6f3b6,2,false
0x8945a764dae5cb19c69c44d3d45726d1f75f33fe,2,false
0x89bb3f9453fe55dd25f1416988bd4d1e591aaf8a,2,false
0x8cef0d99affc063332854fe642a6808699fc9b97,2,false
0x92f3c38246312aea656addb91ab4f4fe622d2bc6,2,false
0x9353cc2583356ce6ea8f92e239d7c9eb8412acaf,2,false
0x943962699b2f223848fbd996d8be3fdd98117699,2,false
0x97c746ec6995770830d326ffa672f08a69d02218,2,false
0x98c9fc410c2b0142188bcfc4813232ed0285c675,2,false
0x997150341cd792e71307712d771e0da8963d9c57,2,false
0x99a057a53ed65c505a65400413cdf98a0bbaca22,2,false
0x9ca210c5aa54f942461a1ed0629b84dec4186bf4,2,false
0x9cd63a630083d8de77129b367b4831b89b8a5aee,2,false
0x9d5471cfcbadd4700f5287125169dfcf6091068b,2,false
0x9d9838d4c18b1e00d507c48cc3203997631fe860,2,false
0x9e1ca01a2d05a9de3088c8e93f221b40c3a01d8f,2,false
0xa174cf70617f39d6fc20425f579ca956b07b93b7,2,false
0xa17515035ca557170401c99e1307e16ff274134c,2,false
0xa26cac6a82d76936f7bff0b53d25fa26ff893706,2,false
0xa6a11e9733bce5695508f40c2aaa490217087fec,2,false
0xa783e4d4a530b574a47c95c003a2d40bb538af9e,2,false
0xab8c401a8404de4c7d0a8d54576c929cb9714d85,2,false
0xabaebe817e50e47fea84e6140c789a1dff20de3b,2,false
0xacb10c106b9ccc38c0e036b5e1a1c591cefa57e6,2,false
0xae83ac4bc0529ed8c196b5aede6d0bfd91f251fb,2,false
0xb04df0e732313c74e927924f317e12f780cf4768,2,false
0xb070c1d226ce55352881c676836f14b72450877f,2,false
0xb0ec130f64a88f31286855b08454e26f41c2f301,2,false
0xb0f788bb8c6caed4c354f6f1976286e4c58cf515,2,false
0xb22417dd80e361bf471e41045768ddf07f0ef43d,2,false
0xb2dfb6ce23aaca3f4c8395cf3944890c3d6ed425,2,false
0xb60c8acbded7d51a11716177bd377d5cb19f4804,2,false
0xb6168107228286250e514216a79a4ff4daa671d5,2,false
0xb6bf78656e6edd0802ecce112869d997003692d5,2,false
0xb7fa07fcfd1ac11c36d5f4426d51638efff52955,2,false
0xb8f420f15eb8ad76c6a82cb0667d95c867c3c0c0,2,false
0xb9a7d13785c8914f5c9e5b4f46e4ba90c9a519dc,2,false
0xbac0e890ee7c2d38404e3f253f8b6aec555aee9c,2,false
0xbb5b8b8541eed6465300af689c7ad4dbf38a95e6,2,false
0xbbc5c18e1ae11ca863433b83940d1611cfff3c28,2,false
0xbbd831397561f1d5b42bdcafd69ba5ac8c4a93f6,2,false
0xbcc18186c07858d8aa6ec8f41f0b0397c8d446ed,2,false
0xbe49a8986f594bacee77e99e46d9e28bac3b8639,2,false
0xc3297eafefc0913779fb2f440fe18f9285eb9648,2,false
0xc3d7850521c90f1fad796a16a1919554200697ec,2,false
0xc3e6405c6882e556e5ed872a7bcf765f25fd36fc,2,false
0xc7e63947972eb44ba0f905eea0f1d0048131a356,2,false
0xc8115c770efaaf0de401898e4b86f3be36eb2f42,2,false
0xc9d53f2a9a2bb83b933b630480e4dbe1ce7e0c92,2,false
0xca36307043ce79940e6329d0b0ad1a2c2e974391,2,false
0xca8ef8c0bf43d6d635fcb52bf6e3050a080f87b3,2,false
0xcd4195cb5489c93f6f86859759e81e4ead0a9bdb,2,false
0xcd7a8c3c38a0db2113b2d6e1e7949b0b789cdf1e,2,false
0xce3c430db9e47b522b8e96c615febca0e3fd4076,2,false
0xd5f7f8c13ed564e914b13517af1f25c91ab7cb9b,2,false
0xd62ce699a7b57e36f2a22b5445ab0c300ed638dd,2,false
0xd70c771f337a8493ba6fb6eec4ba9d08cf9a1d0c,2,false
0xd7204007d7974cb4c77951856b8876cb0ac771ea,2,false
0xd86d8319c82f783419b2ba98cbf3314077b844b7,2,false
0xda93f19c4c8856a94522ab6002922f222a683e2e,2,false
0xdc02edc9c14201a0fa9aa55bbab4dd412c33ff99,2,false
0xdc5de54c65d8593d47bee3551bf15f2f969e0d82,2,false
0xde18ae339e39c754459655919f4d1f20bfde2f5c,2,false
0xe19b4721616dfa0c7e2be0a8692619c2357741dd,2,false
0xe394d7ed025b21f86e3b2e5f85cd2a1c14974430,2,false
0xe4836f9775feb2b46d6cccf831255ab8e6937d26,2,false
0xe6a8a0b43efea3df38bfb2098483fcbd816110e2,2,false
0xe765185a42d623a99864c790a88cd29825d8a4b9,2,false
0xe825c5d767cda209e344718fc7e92a5e0e473267,2,false
0xea3dd4a1ea0a549d7f6cba2596b5d6be78ea7c40,2,false
0xeaa2a690fb3e110544017efa02bac6afaa7e5253,2,false
0xecf8cfb3bd24107f35eb14b28f629bbd309ef8bb,2,false
0xedf97bc90b3d24fe381a22db2dedf74a986f7fb4,2,false
0xee5c737066269fa6ee57cfd60902d066ebafb705,2,false
0xee98f83fb35a236e8ec8df2c508cd5ab4517f89a,2,false
0xf0465138c7e5a41cb97fa6838e81beab549789de,2,false
0xf051193691fc11600e1228ca27ede7663c4de189,2,false
0xf09bc31983976740a3fb6415c349a2ed27400a09,2,false
0xf0a412aa99b74704b8adc7f8731bbda6591ebf43,2,false
0xf232425287b1c845ab3ee838c6dab0306494bd4d,2,false
0xf2b96c8d171c6ed93673d0d82b828fb5c4b1e017,2,false
0xf425a0dd63ddb6ad386e562a7680ef5d534db7be,2,false
0xf5f948680d68b1ca5b7dda1698e2306cb167d983,2,false
0xf70fa5e5572e737a36014cbc7a8e1ea354f0ded1,2,false
0xfdc1b9b6b9cc4ea6bd70828ed171310d08f806d8,2,false
0xfffb7190025a1232bf5496e0ec13cebb3f2acea3,2,false
0x025aba692fbf72bffa556112879ecef207334a25,1,false
0x02bcaa5fd113751724fcc0ffc5ea45651f0062f7,1,false
0x03fd0e1e5875cee5d720d11c77405bbde150866d,1,false
0x0534ab86c8f56e93715f12fd7cd07b863097b41a,1,false
0x05c588b068e3c71d2d482c3d7cf1de9c9e3e6473,1,false
0x06c1a781392d5a4f3b6c49b8e2e09a5848c62e7c,1,false
0x07f8a2a02fabfc1bdae163024b63490f1f15fb93,1,false
0x0952e0ebc0fd9f909bb9c97950985b728fea67e2,1,false
0x0989b4d2fcd0b55801f070ee99d0c0cb679b5f1c,1,false
0x098d70be405dd3e5ae63a40ca26928aadcf838bb,1,false
0x09b5b880ccba670478e94564bcdc85afc2ae86eb,1,false
0x0a036998d962d41c7a41ce1ae3b10487023c6b83,1,false
0x0b87b237a18c4cce8b62a8574f0763a80c70fecd,1,false
0x0c5ffa44eef74a29dab40fb7d501076572762319,1,false
0x0cabee6ece9931a36b61e6e72695f29ff7c93ca2,1,false
0x0dd687fcce1c37ae0992b692c71224954b343306,1,false
0x0e02a21a349261f049f428e9b9a21244a07fa4aa,1,false
0x0e2865cf89ec947da933661e6e52b01760f3d4ee,1,false
0x0e35ae4d5d3daf4ee1c85b8026c96f66e0728da1,1,false
0x0e60f911dcf08bc52599c9a44ddf070114f90a2e,1,false
0x0e8244b58b59d47d8b6bed7a4859a0d731473490,1,false
0x0f68e4b7473e51063167ecf1d3a65e41ae4c497b,1,false
0x0fe8d718d6785e5a0e715333e27d2bb4b8b52678,1,false
0x100dd779aed31df2ba1b7cf5c775414464a4309c,1,false
0x10af1bad06d194113fc0852937da6db79c6a85b7,1,false
0x123bc6c1f15e0ca150b9f6705f9ebc87d4ce9f6a,1,false
0x1264ac8af2315dc897ff996a96ef121057ac5c13,1,false
0x16386df9324a5fddcbb9d4384ff21720fe5506bd,1,false
0x16b018db108cfcf6f58bccc8083c5dfb812fa794,1,false
0x18af2aa1daf57507052ec0f5dca7330b297a5d19,1,false
0x18fca2e710b9796eade24562085681ae370f24bd,1,false
0x1a165b6cfa7644be618c65e6f7f6e987be5fa297,1,false
0x1a297d13805bfdfe81899d6d35b529a19ab95dec,1,false
0x1bc29b5b1ed54c2067abe2ab97cf6b13fb981553,1,false
0x1bcb7557aaf175e183cb81b86c4e43e771643274,1,false
0x1dda061b590cac501ce8c7f1b5bc4a82ba1a514a,1,false
0x1f2b4f96769d46e16837186995e2a279e7d0e9b8,1,false
0x1ff127f31982e0ef82f5ec2064b6185d57417a1a,1,false
0x2092f2b5ae828e64444c3e350c45672164c56c13,1,false
0x209c5f4db7947622c42367b36b463b8981c6e693,1,false
0x20c21c80e47c117b14f29d5214492d7f74cf70b4,1,false
0x20c433fd4540f1b4fb4729b85a5d7974575d4686,1,false
0x239fc2eeb2af4e68313a28fcbd43d2f79b5b15e8,1,false
0x2517842756a9737691e0c00399cee70782e3c35a,1,false
0x25d1268946d6ca94075b8dfa627f26bdb8a23bf2,1,false
0x25f2187557afe785766deaec24bda2b2190eba68,1,false
0x261d65a8a2a02a5bf5eb8f11a19fd9232b219bdf,1,false
0x276be4aba84cf9a04ff00fa2e5d2bcdaf758bbe6,1,false
0x27fff708f855147187e9de90d5c8490cb6e045c0,1,false
0x2b0f8a09d20ef9bd31596810df205e51379a5204,1,false
0x2c9fef5ce228d86565bbbf1c5cc1fcce6a903978,1,false
0x30280244864fdf907ba49c777dfafc0acc9e89db,1,false
0x3198da0a9934a9050c377c84ef19e43bcdb7e260,1,false
0x341460a9c677d9b3a1ca429804eee78ec81c6282,1,false
0x34acb0c4a25c49c1b1beddf5a78c9c90b5d85650,1,false
0x34e08d24d68068f815b97203929dc04e6224a2a0,1,false
0x35806ce2d3a4a31a25ba7e8d04ec8c23878a9a7b,1,false
0x36a6d8653560a29fdbca867e18a61183970ecc9e,1,false
0x36e6407c22a9cf15a12dede5f54c6d791e916c73,1,false
0x36fb1dd60dfd1fd28c774e0d5fe32dd9dcb98893,1,false
0x375c7d062ab2da5d23b92b3dc21d556144eb56f5,1,false
0x378f2a35c53e6f39025fa92888be16149b73147d,1,false
0x380212340040711c85cbbb43ef7342f49e44a26d,1,false
0x393bc119d842c44f7bf9235c7f92fa75c43facc6,1,false
0x3a349366023d8b0fd141805f40732dd3c7e2bdd6,1,false
0x3a637ff7e4fd9c277dad70a6a5679618c1295b65,1,false
0x3aa04819d17b319f1ad01ba65be7fe6fa01bdcb0,1,false
0x3aae36a436e69692dcfcf8beb016a4885dd12a58,1,false
0x3ab592ffe4e4bc9cd87a7e14f78b45d06d8d02f1,1,false
0x3c40ee550304426b6871aa36ab43226157ad2e50,1,false
0x3d4232fa57eac13f9818c63e9db9e6993cdc10e9,1,false
0x3de596010117b002c3f294073fbdd1801c07979c,1,false
0x3e1d99ae4c1c3c8cb66bfab286c2fab5d779d12d,1,false
0x40119610e86b7ca769b52a6cf55d2f0a79a8fe5d,1,false
0x40b2fd01568ab67c109bf89b4fd50c5e50e8bb62,1,false
0x41795fcc4fcd5843201702f1502dd8827735683c,1,false
0x419d524203d44dded0d8fbb42e670c5da5ec3bba,1,false
0x428009e6d94fcde22a7e372012b9924d88385897,1,false
0x45295369188d947859be52e6087815a4847c5fa7,1,false
0x45382f2e0323841a6fa151536a2c8c217aaf2da2,1,false
0x455843ef5cdc5b6bfed6b1f8b4e837f6bd73d78b,1,false
0x48af4b5e942da2ed265805bd8996d5e13f9b3b6d,1,false
0x48ecbad6bd529aa97e2eea25ec7c621118172b53,1,false
0x490aca15e2e49c72fc14bd2d77bfc9a873937b3a,1,false
0x49443ccfc2be8b20d2ad695134b58f643c2d0cbb,1,false
0x4b8c94aefe423a1de58f95a7cbbe7e37a3db5b2e,1,false
0x4ba45b3a74137ab42983aab0b0ee62b9d4e6d3b3,1,false
0x4d4d01ff17f98c67f5a3096af56f47ef802b3a73,1,false
0x4e78254f4c77039c15fa252835590829c2d165d1,1,false
0x4ecdb98574d2c12c15e2b3dbc316657d6ae15dee,1,false
0x4f23885b65905ed78c105d2a7b5adfed70a74517,1,false
0x5229578cf6428882347e31ea5868f663e6ddb05e,1,false
0x5413d9290f1dced2383722dde56c2a728688f110,1,false
0x5475a8c908e2bef99bb2265150626a3275d17d22,1,false
0x5699cbc3cdf899a261bb77fcdfd0bbeab0702113,1,false
0x57303961cbe67ae08f9b88dcb47aa6ffe0fc91cc,1,false
0x59f1b53298adf0d52ce3cd8334df1af0227c6ffb,1,false
0x5a097b1c189762ea8941928a4aaad33af9071ce0,1,false
0x5a6aba4c6cb63fc150ae62edd54d3afb5591d713,1,false
0x5b8a2fd20c53867ddea133b4d81087f0813953ba,1,false
0x5d3835b438b1c0533011b8ec5f675b2def40bb7d,1,false
0x5da2b1ff8918d2ec2d4f9f9766195ef036e9542a,1,false
0x5de4cb96d36d983714fb241872f4898af15ae2f1,1,false
0x5f57904e95d17dfb405160adbac3fda5e2cbb8b2,1,false
0x60a8fb6c4d1c5de862a3f07b13403bcc1794eb0f,1,false
0x61b4634110f8ab0de2e1be2cc8c8787537d36273,1,false
0x6246362ec5184e64e60ddbf77966d8dee7c81822,1,false
0x6268689797ca15256af2ce922836cd69940fa024,1,false
0x6297111641c7e06d0ede828c12bc06c4873a5289,1,false
0x648aacf9b7b485e2c61d620b4a1a178cd022f48f,1,false
0x664e666912b1625717b73cdbe3e35b873ae6eea7,1,false
0x669c4a3d5673ab1c7fe0411bc7fbd122327c5394,1,false
0x67103edb3598d1f59e0853f93bb3af74d1a0ac72,1,false
0x6720c607456c1eb85b13118544dce1b4bb0175eb,1,false
0x6776958c3374d87bf498a4ca8bb1cc377afcc751,1,false
0x67df0aa949437cfc9ff2c5cfc0668be596390ba2,1,false
0x696d898cfaa3e43e630b4fba31cbb9e07261576b,1,false
0x699ebd3c05d6dc788e28881e42a338c17ad33460,1,false
0x69ab289d138ddf121f25fff29958ccab78b794a2,1,false
0x6a97fcf4636047273895cd203504f453ba63bb29,1,false
0x6b11320a5ee36ea98430b4fde374a92fd7e1b8d4,1,false
0x6bd229b2ca071b0ed6f7c54df9e44004d807002a,1,false
0x6c8cc11ef72e01db940ace921dc48769a807c1fe,1,false
0x6c9449a3b7bd604e12e9407460643f1dfbd9fff7,1,false
0x6d51a604f599841dd3d5f50c7c6641403c68a3fc,1,false
0x6d728e89d2fd1dedf35069a44273dbd4d76eed9d,1,false
0x6e9cbbc2de389e41db1fa7fed477bc1842fcf766,1,false
0x7017b4578be700ebd36316fe946217dd7d8f57da,1,false
0x70f56ce0f6df2aa33f5be364a6886d74bae3cfe7,1,false
0x75c0f868ef0812d85ccd370f254ad820b24277c3,1,false
0x77f5ae8beeb087dd95e2e66b1651a645e77e27d9,1,false
0x7861d277ffee99daf8446377a0ff13068ad422f7,1,false
0x786ee2960a5405b30fd05ecba89d0e825b179927,1,false
0x7873177d64a4c07130fb124caa7e304b6f3cc97d,1,false
0x7a59f00139437a567994b90f8b4e18a7ac021019,1,false
0x7faf2e3cdf4646aa257e03300dbb18e4af03fa93,1,false
0x828b3b0ffcad604ba234f75e9bf2ed4c710be56c,1,false
0x835ed9249bb8f4d2d697a431ed19921a17bb78e0,1,false
0x84d04cc8f7fb9adbd2610299e5bc175436cacf4c,1,false
0x86e9637b06017e71a26a7b63644b724df8241b66,1,false
0x87a81a260548765c42029f45e5d17cd6d309b9a8,1,false
0x87aa876935d8775058bb4f4e0d609b20482d45fd,1,false
0x87b34926096273cbe441126d8ebcd14e1be9aac4,1,false
0x89cb36f8b29084e883738a0708f1abc6e4c25c07,1,false
0x89f2fb60b08659e930effe1c77ece45626869057,1,false
0x8ac814b7dad1a9293d8ed19e60e5310c00994142,1,false
0x8b62c07c5a747ba90556bc93fab8ae941552fe8d,1,false
0x8c5b0098be951eb5d7b61b2442adedb85070ebfc,1,false
0x8f1af8261edae03a3680d1359228d2dac34eaec5,1,false
0x908e1ae726b9ed6f03398e7fb641e08cb9e28b09,1,false
0x92220e9e584f1de30d8481d931e14c7f9f2b6e37,1,false
0x92746fcbe415db5325e4ca60b87cb93ab521e5ac,1,false
0x9456562f604c3d68ad2204c31437cc9494b8d328,1,false
0x94a1329e62042a5ca64ec59c0999d53de4806b02,1,false
0x96e78143ca3d6b6821aac846819073ac42140644,1,false
0x97e8dbc89931fe6ac6175216be732e3d8d017839,1,false
0x99040868671b7ccbdefa234fe0492acc92ff4c1a,1,false
0x9972e2026d9a5dae97b378dae6df3bd92b3e4716,1,false
0x9a5cacaa06f8bc83179f85ee61ae2c0da81d7402,1,false
0x9ad4b9eb59644aa80e451f17b584ae4f13174d9d,1,false
0x9b99b5ef89b5532263091ee2f61c93b263e8c15b,1,false
0x9c1cfe95413520d35d03c51b60b82abbcd39057d,1,false
0x9c2f6530d4478bd17371b5f688d15408959bcc33,1,false
0x9c5bc5df1100dd9305b1adf0b2189d9b2fd1339d,1,false
0x9dcb66e7307eb2e30c83eb8683a2e15a67eb7cfa,1,false
0x9eb11db4703035203d8464d71e564a4997653c5b,1,false
0xa0107d224175f4a0468d2aa775ee3cd4254bf3e8,1,false
0xa024b76f0f07a890e4acd1fcf6149d6a95c53c5b,1,false
0xa0c197fbf8b9759f976c0c5e48946fc62fb965a4,1,false
0xa0edab4c1a7f3ad4ec38c1ad994baed97b3c64bc,1,false
0xa286cfc63f6ea75cdb73fe44423494f15023a2c9,1,false
0xa499ccf474840fbeab6eb58a23b487fe99de6d9e,1,false
0xa5bb33a96ea83d05cc44bb6666de900c2cf48cf4,1,false
0xa6f6eba5f1d277ecbc7ea31c30b86df10c44ef79,1,false
0xa71dddc23331203ddc4dba843770ce07f4c2ce48,1,false
0xab9020e43a5209150c3fc3034876f57377e941a6,1,false
0xadf45d93ae8b707cfc83ea25e787e7bba91086a8,1,false
0xb189e9f61860dc14eaad92bf7f27b30a6619854f,1,false
0xb26e0d754a8c590afe38248c9f13b820d1243d26,1,false
0xb48a75a09f02048366c03d6795dc526f2c003483,1,false
0xb4ebf6c5c21a90941dcb1a323153bf9fd9988569,1,false
0xb65cd918084a25401d6b2262024cfc837417643d,1,false
0xb8c198e8f563096c9df0067e7e64a4da8c129d5a,1,false
0xbb116850acda0c3d5b4e60bfe595897971f7010b,1,false
0xbd13b79c20aba54508977a1a3468dd702153c253,1,false
0xbdc2e6276ce1ab440011badc589a754728ebf496,1,false
0xbed5806c885e821726bf6033e22766e79921f0dd,1,false
0xbfa4f847cb1758b4d40c43c39637962fbc832997,1,false
0xc1bbc69f2867ceb2f8813ffc056dbb0bd63c2320,1,false
0xc2ba4684b5ad424ef2c2548358f73404dee3a773,1,false
0xc36237583872c3354433fd4a7d2ccd3387412b38,1,false
0xc3f43f31d9d45f03cc9ee28f26e95595fda8baac,1,false
0xc427c20463f374490bb989f5e688589ee35b30e8,1,false
0xc54604b9e0a1449644ea0d978fa099291f09935f,1,false
0xc5d1ea323ac0dab20023d5c1dbdb5bb76c9023ea,1,false
0xc5e219a5b8fbb50ed1b730035b92ba2c1ad669af,1,false
0xc5eff8592aab70a36a5dcb642bd28f2ec746af40,1,false
0xc7afb4a1a2f821ad160c29e7370cd73824ec5b58,1,false
0xc851bb689341a7e5c49d1e5e0b75e2899d900039,1,false
0xc89c84f0a544ea999897c8806690b6c712c75c52,1,false
0xc8be97914211c3d3bc618bcfd3b6dccaa161b5dc,1,false
0xc9420b70b4fd45757276a097162797d93c841a64,1,false
0xca17cb6aec1281b0ad69845fb82a3cbb08864521,1,false
0xcb0c6f24c9bb5f12783e143855fe74779389a845,1,false
0xcc3297df98a20fe25ba001d1ae60aaea55f766f9,1,false
0xcd0cf088452b3c9e03dcf7d18322aecfb824ddd6,1,false
0xcd3cca171370e81ffc7a14f6ceca238bd30da3f4,1,false
0xce814fa975448818efe105b63f98046ad0424ab5,1,false
0xce93e79685bd722ee3eaa60642224eb8ff0c5ef6,1,false
0xced16eb4e6d88eae6443249ae9a9dfa384a90867,1,false
0xcf5d967144c00659bf8564ca07a4e82014ac77d9,1,false
0xd0262e9346c79212155668e7208abcc95891a495,1,false
0xd069c3e0e23f443d5a304e33f48cfbd82d00b72a,1,false
0xd10261b8af12f1076c3a63d78a25ca2647ea3090,1,false
0xd299c926bb78e93a8aee64daf5257058b23cdb73,1,false
0xd31a1ca9f02daad5656071c90da2650908fcac80,1,false
0xd335b8615700e14644e13bf296f8254042c72f48,1,false
0xd3a83c442cf8f27fcd5c3dc0ac5a13c5d4207d76,1,false
0xd3ec25350001fac599c95cae1f49ca9ee3afd357,1,false
0xd5a86c3be58eb59cd816068568272f45b5f19e05,1,false
0xd6976e5c2954184e2ed24eae783d51659b198869,1,false
0xd6c3a34d41203350112a0c384d33dce5f9ffd2cd,1,false
0xd763cba8cc111172def68f2a064ab8d6282f0e52,1,false
0xd7f5754740d9755f508cabcc6f5ac19038fa22f1,1,false
0xd94f2074bc092452ca52ee8c4d2f0adf41dfe768,1,false
0xd9911a69519eb02fee252f3f90572384f8973404,1,false
0xda20c33ed392f17dcdd3e61452909df3790e84c7,1,false
0xda4ce3d7f88189715efc41e2be54c716e5d3d4b3,1,false
0xda926524c8483a348f4b3f75f640ac784205724d,1,false
0xdadec4ff0780906a0c3fbade369bd7b6b11339bb,1,false
0xdbc813b80a40509237b220793c42b1b2dd984c51,1,false
0xdbd15de03bed75e806f1651526fda12fe191f08d,1,false
0xde3ee6426ce0f9494ddc14295e40fb122f1177ed,1,false
0xe067432de25b3c87974a6309abcf10122e51d2d6,1,false
0xe073f25b2025f97b2ab0edf573b72b28b737bfde,1,false
0xe08be2f6aaf5e5da1c0701dff3c39707b9710ae6,1,false
0xe341a235f3a30fa8f1cd262022bce2eb51b8e7e6,1,false
0xe35dc8f3a57d8ea92767f83ffed85e5b74b5838f,1,false
0xe4012f3425b7acfdcfd876c0849d654c1a1769af,1,false
0xe41654ec54daf325e4bd0a824a6cdcb2be69b3ef,1,false
0xe42d595af6c44a1eb36a2947e55e146d77422618,1,false
0xe5a386fbae198627faacc5d31c6bc4d989b8864e,1,false
0xe67cbace9b7a40e7c35612012d7fd646d13f51d4,1,false
0xe751ee5069abcba7ff429a20377e514707088d8f,1,false
0xe7c90e45bf14616097b3eff46748751e7502c051,1,false
0xe89816309a59bdc5ecfc220d909308cf244012f9,1,false
0xeb4645b800833a30d6267556dce7de522597e6c7,1,false
0xec7a431c16a4e043684d52a4c0b65f271d996695,1,false
0xf0a373fc798c966344ae9dc861f34287f6016e6d,1,false
0xf129ce1ca6ca9d12c9727b34d1127aa806caee96,1,false
0xf1b19b2bec472157f9a6c0a8cbc3ca568aaf6f12,1,false
0xf424de287cd177bf04d5a7c8749759e80f989b82,1,false
0xf45cf443b36f5c540478b472acb033c6d4a6039f,1,false
0xf6f089d4cfca6200c1d00deb756300303915c136,1,false
0xf709d36407a11098a2da86177e6ae1293f256e7a,1,false
0xf8a1884ad4e0404056d95fda198a4bdeb1d597ce,1,false
0xfbbd8d28a4aea323655b868db406b19be0643731,1,false
0xfbf505d46291a99a8681ff956503fb8b75952406,1,false
0xfc7be3c5d8d51acea4cce91d17805d2b484c8e24,1,false
0xfd37f684f2cc952d4fb42054187f83da262cd40f,1,false
0xfe74442c55839c4960ffa99c40c6722cfe344047,1,false
0xff18338e6b570e0d95f249c2d66e9de5772de976,1,false
0xffce33192a5eda04c0dd7ee0d0c3d0a8b417aad7,1,false